iteration,time_sampling,stoc_pol_mean,stoc_pol_std,stoc_pol_max,stoc_pol_min,rollout_success,alpha,delta,time_vpg,time_npg,kl_dist,surr_improvement,running_score,rwd_sparse,rwd_dense,success_percentage,num_samples,time_VF,VF_error_before,VF_error_after,env_samples,eval_score,eval_success
0,1.1259527206420898,0.006047548965531306,0.004290378383200295,0.012356971452414267,0.0009227471911365276,0.0,0.14657560743525014,0.1,0.03309440612792969,0.052277326583862305,0.055506002,0.91281176,0.006047548965531306,0.0,0.00011952256454222507,0.0,200,0.015036821365356445,69.81701967003774,20.73447053023857,200,0.006070347063658168,0.0
1,1.0543568134307861,0.008482171046003488,0.003233955072570827,0.013920622405438437,0.005566836992453987,0.0,0.1455770087071378,0.1,0.002660989761352539,0.05243492126464844,0.048262797,0.8050482,0.006291011173578524,0.0,0.0001608195830922684,0.0,200,0.01337885856628418,12.559736510831506,1.4306655172905736,400,0.00687399040203401,0.0
2,1.0541486740112305,0.006836790932975834,0.0017659732264097522,0.009428749805709949,0.004722281197726811,0.0,0.14097740027959085,0.1,0.0028314590454101562,0.05315065383911133,0.050510656,1.0933082,0.006345589149518255,0.0,0.00013614080361221197,0.0,200,0.013909578323364258,2.9117039901820387,4.887726910954759,600,0.007552250802224114,0.0
3,1.0844972133636475,0.005185360910221559,0.003749447985584586,0.009148376718147068,0.0008615159338232327,0.0,0.1417039849438139,0.1,0.0036385059356689453,0.057698726654052734,0.051257487,0.9277997,0.006229566325588585,0.0,0.00010328324445151111,0.0,200,0.013648271560668945,4.800451592791145,1.72965175173768,800,0.0084137669903009,0.0
4,1.0506670475006104,0.018432843203200603,0.007351657052238354,0.029532914247487375,0.00907912252045352,0.0,0.1537716867866045,0.1,0.002718687057495117,0.05214858055114746,0.04787282,0.98638433,0.007449894013349787,0.0,0.0003679305108295389,0.0,200,0.014346122741699219,0.8768190133869967,0.44158753737289047,1000,0.007669751882055111,0.0
5,1.1667544841766357,0.030261374702075988,0.01830602694872225,0.06189697588340953,0.018201361325679843,0.0,0.1468513043653739,0.1,0.0027730464935302734,0.0521245002746582,0.04844075,1.3050021,0.009731042082222406,0.0,0.0005913347079167808,0.0,200,0.013480901718139648,0.7267880383143194,0.49934242456073885,1200,0.0077495398123070365,0.0
6,1.1343059539794922,0.007242553193807964,0.004536229800173872,0.014961553649852723,0.003300048269009664,0.0,0.14880083433599187,0.1,0.0026695728302001953,0.054144859313964844,0.0503164,0.7924955,0.009482193193380962,0.0,0.0001443962456179011,0.0,200,0.013817310333251953,10.313148676138187,4.559087970298829,1400,0.009981392801124199,0.0
7,1.1439857482910156,0.009759931002768795,0.01036136246316201,0.027487354277236302,0.0023727221694758273,0.0,0.14701639382008805,0.1,0.0026509761810302734,0.05193448066711426,0.04907063,1.6556296,0.009509966974319746,0.0,0.0001943925649939643,0.0,200,0.013547182083129883,1.9822172460793452,1.0534571415282987,1600,0.008366415130867498,0.0
8,1.1494677066802979,0.025072871310452088,0.030474535811372223,0.07702723893262836,0.0022044088235811787,0.0,0.14971171433507136,0.1,0.0026161670684814453,0.052191734313964844,0.049752053,1.2434151,0.011066257407932982,0.0,0.0004998505135918495,0.0,200,0.013968467712402344,0.9981805737235366,0.8041094672948893,1800,0.01034555303855746,0.0
9,1.1347572803497314,0.017068182598504216,0.013811829170651567,0.03878068714347812,0.001207809009505953,0.0,0.14219187528504026,0.1,0.0027437210083007812,0.05212879180908203,0.050076198,1.2394567,0.011666449926990105,0.0,0.00033976214668420316,0.0,200,0.012955904006958008,0.6068267043820429,0.6151409059525434,2000,0.015051411006570868,0.0
10,1.4638898372650146,0.007168505680390524,0.0048369052812441415,0.013976057935446151,0.000996751691473889,0.0,0.13733958818665032,0.1,0.0026178359985351562,0.05223679542541504,0.049831647,1.2279973,0.011216655502330149,0.0,0.00014334313221056036,0.0,200,0.013342618942260742,6.744759069796373,4.046026702326756,2200,0.01385012550128587,0.0
11,1.1201715469360352,0.024116842265122243,0.017889998502190734,0.0420243702172167,0.0036080289089131233,0.0,0.1357540967820361,0.1,0.0027701854705810547,0.052648305892944336,0.05017809,1.0724391,0.012506674178609359,0.0,0.00048135529296498863,0.0,200,0.018326282501220703,0.4730534941261334,0.5219296615673862,2400,0.012909249724969369,0.0
12,1.1166307926177979,0.024567420341932898,0.022995980502202727,0.06385902982194959,0.005613505950185197,0.0,0.13855503100034972,0.1,0.002711772918701172,0.0531766414642334,0.04993451,1.5060474,0.013712748794941713,0.0,0.0004912306817684403,0.0,200,0.013112545013427734,0.5969966771093107,0.5430467736080814,2600,0.013189741351267074,0.0
13,1.1385858058929443,0.0214534046330892,0.025377385435029397,0.06421779671177552,0.002209664185699563,0.0,0.1367615935323927,0.1,0.002736330032348633,0.057005882263183594,0.04924747,1.496502,0.014486814378756463,0.0,0.00042689540513564714,0.0,200,0.013700485229492188,0.6432353510165731,0.6561215507525454,2800,0.015820230693193025,0.0
14,1.1568737030029297,0.07632027373942714,0.09064269917882135,0.2327213665091776,0.01545386043570241,0.0,0.13738092000654764,0.1,0.0026280879974365234,0.052521705627441406,0.04985999,1.733894,0.020670160314823532,0.0,0.001524455377194084,0.0,200,0.013501644134521484,0.8042563565285066,0.6741647311554744,3000,0.020175836987315943,0.0
15,1.186861276626587,0.012058317908655573,0.0039688437807927765,0.01682076644753857,0.005972509787676055,0.0,0.13559823587829228,0.1,0.0028219223022460938,0.05790877342224121,0.049910445,1.3027316,0.019808976074206737,0.0,0.00024072339443688003,0.0,200,0.014517784118652344,17.463756824989826,18.67946136044188,3200,0.01906663082826568,0.0
16,1.1551361083984375,0.017627101109449945,0.009782829991624187,0.033160389188129934,0.0088806259627438,0.0,0.13338537930778763,0.1,0.002679586410522461,0.0533452033996582,0.050847534,1.3979603,0.01959078857773106,0.0,0.0003415348829678678,0.0,200,0.013324975967407227,4.491485537446528,0.5572991716804755,3400,0.018128698311553237,0.0
17,1.169431209564209,0.02463555541417528,0.01646054737864917,0.0444822143391744,0.008322417214434712,0.0,0.13551623708514632,0.1,0.0026979446411132812,0.0534052848815918,0.050246447,1.6912369,0.02009526526137548,0.0,0.000491624774614011,0.0,200,0.014996767044067383,0.3885566888641329,0.721432671688475,3600,0.024188686827351587,0.0
18,1.1994233131408691,0.06725545302921235,0.026626582465891873,0.10155371071512942,0.02991472183455436,0.0,0.134786421870889,0.1,0.0027365684509277344,0.05355072021484375,0.049664725,1.2246306,0.02481128403815917,0.0,0.0013429316208077987,0.0,200,0.013809919357299805,0.8777941662535159,0.6252025105485531,3800,0.019833563057913693,0.0
19,1.1754014492034912,0.014519000202578264,0.01235882300370125,0.03587910092128563,0.006101998271398513,0.0,0.13543581428785537,0.1,0.0027620792388916016,0.053164005279541016,0.050380945,1.601491,0.023782055654601078,0.0,0.0002880553229943695,0.0,200,0.013385534286499023,0.5872369227182466,1.7721957997950817,4000,0.019623146555519968,0.0
20,1.2053258419036865,0.04171976641550167,0.02687435692058211,0.08767855816821042,0.01956087352231405,0.0,0.13511406111084392,0.1,0.002712726593017578,0.05370807647705078,0.048765272,1.8845841,0.02557582673069114,0.0,0.0008271742741478806,0.0,200,0.013546943664550781,0.4566873982322301,0.4410620421967068,4200,0.020413035821597616,0.0
21,1.1943058967590332,0.018702441128863927,0.011638283629815154,0.03495614957346614,0.003173539449591837,0.0,0.13809589351337614,0.1,0.0026769638061523438,0.05333137512207031,0.050005283,1.1628402,0.024888488170508417,0.0,0.0003730637328413334,0.0,200,0.013627767562866211,1.906553099458895,1.565683599222434,4400,0.018004524326074405,0.0
22,1.173083782196045,0.15808920340317975,0.15870254921635554,0.39676921499890894,0.0047227397328283936,0.0,0.142815585802071,0.1,0.0026445388793945312,0.05346798896789551,0.049169496,1.2308885,0.038208559693775554,0.0,0.0031562570786754043,0.0,200,0.013487100601196289,0.8282760934048358,0.7779194945719813,4600,0.026651741855165324,0.0
23,1.1331055164337158,0.03055552409680617,0.014373779666791696,0.04810000439931517,0.015610776466485008,0.0,0.14148072962598252,0.1,0.0027930736541748047,0.05338716506958008,0.05049396,0.8158605,0.03744325613407862,0.0,0.0006054079121914813,0.0,200,0.013579607009887695,0.8478494552738002,1.3553772823704524,4800,0.03230378519776032,0.0
24,1.1981379985809326,0.05889295201718436,0.03746369298472738,0.11008025703760523,0.005578417226514954,0.0,0.13492693308849388,0.1,0.0026574134826660156,0.05193209648132324,0.049147107,1.1959383,0.039588225722389195,0.0,0.0011732228644169883,0.0,200,0.0131683349609375,0.5030992930590568,0.4802097166751207,5000,0.029894564129628886,0.0
25,1.2437033653259277,0.021178006429427264,0.0034834959341352263,0.02393090910713502,0.015226595700656207,0.0,0.13909042959568504,0.1,0.002723217010498047,0.05158257484436035,0.05017219,0.6518454,0.037747203793093,0.0,0.0004183246874477966,0.0,200,0.013458013534545898,3.538544599900599,1.3431164405482252,5200,0.023121234263100473,0.0
26,1.1265888214111328,0.03161203907721796,0.019067267819492705,0.06029441315867531,0.007088269162257176,0.0,0.14266672543993025,0.1,0.0028536319732666016,0.05339527130126953,0.04945834,0.9883573,0.037133687321505494,0.0,0.0006321130136146394,0.0,200,0.014223575592041016,0.5930727145303859,0.4033382312175957,5400,0.02986135911473514,0.0
27,1.121981143951416,0.015642949067981193,0.01242131061310022,0.03644015916001021,0.0035242737465456544,0.0,0.13049638147736842,0.1,0.002841949462890625,0.054139137268066406,0.048938178,1.7928091,0.03498461349615306,0.0,0.00031275137956827763,0.0,200,0.013910531997680664,0.7102131215695002,0.6785456672227046,5600,0.04403863447545971,0.0
28,1.1205978393554688,0.02933891202781405,0.033724653575839,0.0877135077857587,0.007890502498262172,0.0,0.12340188021059298,0.1,0.0028443336486816406,0.05338263511657715,0.049980827,3.2979515,0.03442004334931916,0.0,0.0005846295514360946,0.0,200,0.013742923736572266,0.823714368470396,0.8308013224536848,5800,0.047295232133299454,0.0
29,1.1504714488983154,0.05294575464848813,0.047826785033964626,0.13153076568968464,0.002972862351614063,0.0,0.14119319045746878,0.1,0.0028100013732910156,0.053232431411743164,0.050072122,1.4538716,0.03627261447923606,0.0,0.001057316883075199,0.0,200,0.01392674446105957,0.8790423370864683,0.659285689003361,6000,0.07213523267691006,0.0
30,1.1517133712768555,0.048484805360061486,0.03571674381607045,0.09687413068501773,0.008701537804585775,0.0,0.14063553342124593,0.1,0.0029625892639160156,0.05247664451599121,0.049600527,1.0635182,0.037493833567318606,0.0,0.0009695894073649759,0.0,200,0.01771855354309082,0.5521692672199667,0.4949464784003988,6200,0.0882793688629031,0.0
31,1.1349921226501465,0.08587319893643323,0.06484630033658649,0.18423358898729678,0.026341489157880628,0.0,0.1427650328430441,0.1,0.002766132354736328,0.052263498306274414,0.05034529,1.5640228,0.04233177010423007,0.0,0.00171667229773637,0.0,200,0.013899564743041992,0.6007417338040971,0.5349392551369881,6400,0.11754768252873386,0.0
32,1.1527526378631592,0.030557429826789557,0.013369526725357515,0.047855744292658056,0.011233843180884615,0.0,0.13486051706307361,0.1,0.0027174949645996094,0.05232715606689453,0.04995038,0.8060109,0.04115433607648601,0.0,0.0006073990237506768,0.0,200,0.013714075088500977,1.8785177059643918,2.06684414500587,6600,0.06698919019540349,0.0
33,1.1978371143341064,0.0980814125314045,0.030750453205108597,0.14966137868224533,0.06869843460137609,0.0,0.13601580750532763,0.1,0.002771615982055664,0.05379605293273926,0.050126735,0.7800569,0.046847043721977864,0.0,0.0019122080168991694,0.0,200,0.014654874801635742,0.3243754164238547,0.3067781413371385,6800,0.07309504705993765,0.0
34,1.1921906471252441,0.029603223944061854,0.016451615261684756,0.053302949022978476,0.010171425365640025,0.0,0.13614590505878388,0.1,0.003441333770751953,0.053700923919677734,0.05020858,0.9787249,0.04512266174418626,0.0,0.0005808033351380081,0.0,200,0.013166427612304688,2.0366175951612235,1.5979206412643774,7000,0.04087735343075345,0.0
35,1.2173457145690918,0.061031325969201446,0.04784059779159516,0.11880428800098172,0.009038095238375581,0.0,0.13383657162208804,0.1,0.0027158260345458984,0.05256509780883789,0.050465357,1.3730235,0.04671352816668778,0.0,0.0012193231062911241,0.0,200,0.012012004852294922,0.48146234702272234,0.47807655166239504,7200,0.061268159957994985,0.0
36,1.2000913619995117,0.08075045341299676,0.06444017155981131,0.17946289797076428,0.011783288476448373,0.0,0.13527946394307236,0.1,0.0027441978454589844,0.05259895324707031,0.049947664,1.243509,0.05011722069131868,0.0,0.0016115714342666235,0.0,200,0.013449668884277344,0.5523342377419939,0.5444996157349774,7400,0.04796439885428966,0.0
37,1.2309186458587646,0.037475151081943964,0.032129661954617486,0.09189096883603988,0.011060669544015548,0.0,0.141336027152888,0.1,0.0026183128356933594,0.05224156379699707,0.050260555,1.0829905,0.04885301373038121,0.0,0.0007106005473791071,0.0,200,0.013586759567260742,0.6721456705160421,0.635518393775955,7600,0.08440413624584146,0.0
38,1.2338602542877197,0.132187526798511,0.13593331082895677,0.34855429690894607,0.01538003703952653,0.0,0.13704675858149418,0.1,0.002582073211669922,0.05191469192504883,0.04866399,1.3459843,0.057186465037194184,0.0,0.002641970756911266,0.0,200,0.01363515853881836,0.7371966238137533,0.6887578437540923,7800,0.09683830735327785,0.0
39,1.2434804439544678,0.06831463374569745,0.06083558050906424,0.16211521247354685,0.005859882758671752,0.0,0.1324811085360441,0.1,0.0026040077209472656,0.0519869327545166,0.04925305,1.4134594,0.058299281908044516,0.0,0.0013601254964928102,0.0,200,0.013520956039428711,0.5046327152103373,0.5294883544371957,8000,0.10970789106072835,0.0
40,1.2413532733917236,0.06721830745534767,0.03428726251541818,0.09223466235211902,0.008373629898015643,0.0,0.13797473883983677,0.1,0.002832651138305664,0.05783843994140625,0.049256884,0.8487895,0.059191184462774826,0.0,0.0013352157877199618,0.0,200,0.015211343765258789,0.4124992156111569,0.41003693779088246,8200,0.16252428786685272,0.0
41,1.2320365905761719,0.07909022240222469,0.02750374951418324,0.10853712162986888,0.04177406158325481,0.0,0.14194167591484755,0.1,0.0027685165405273438,0.05537605285644531,0.049878277,0.7552313,0.061181088256719814,0.0,0.00156883969642263,0.0,200,0.01383662223815918,0.2218239593322184,0.19712785704470043,8400,0.17945641418903077,0.0
42,1.1750831604003906,0.05367626273057985,0.02210643948084171,0.08879119877401744,0.03286262219867367,0.0,0.13590016063127472,0.1,0.002943754196166992,0.0529024600982666,0.050110377,2.485303,0.06043060570410582,0.0,0.0010701630652727274,0.0,200,0.01507258415222168,0.4441938434180539,0.26299648925879093,8600,0.19473534503320125,0.0
43,1.1687695980072021,0.18662476273568296,0.13448506373766558,0.39493798087097376,0.04657686471275569,0.0,0.13294710569472484,0.1,0.0028209686279296875,0.054367780685424805,0.05041293,1.9021628,0.07305002140726354,0.0,0.0037279741285555796,0.0,200,0.01385045051574707,0.6695025491377038,0.5788736147444017,8800,0.15484874328019485,0.0
44,1.2143878936767578,0.13424028600400065,0.05980153761705604,0.2224157429853164,0.054084913556434626,0.0,0.13756294754367843,0.1,0.0027036666870117188,0.05257725715637207,0.049873665,0.9885496,0.07916904786693725,0.0,0.002679169821278456,0.0,200,0.013565778732299805,0.37105979965395464,0.311760833250801,9000,0.290646059110312,0.0
45,1.158907175064087,0.05933405927795554,0.029844066205085933,0.08803285962445218,0.009434296035457094,0.0,0.13118162279952264,0.1,0.0027136802673339844,0.054327964782714844,0.049831763,0.8366265,0.07718554900803908,0.0,0.0011277722870354971,0.0,200,0.01343536376953125,1.1371267594395174,1.13774454793691,9200,0.21651855799150532,0.0
46,1.1768362522125244,0.06363023757101442,0.03251681375514641,0.10080817488204596,0.011840128449655532,0.0,0.13482627937967168,0.1,0.002748250961303711,0.05267834663391113,0.05041439,1.0360994,0.07583001786433662,0.0,0.0012716393729406154,0.0,200,0.013160467147827148,1.2076427705744308,0.548098370061767,9400,0.22010890408478576,0.0
47,1.1716945171356201,0.0705434431806399,0.044846806849544556,0.14758695051974782,0.03555326550515372,0.0,0.13294639419130636,0.1,0.002648591995239258,0.05245804786682129,0.04987037,1.5466559,0.07530136039596695,0.0,0.0013773490279753913,0.0,200,0.013329029083251953,0.4268264849256095,0.3426326819044976,9600,0.19508453498466463,0.0
48,1.2188916206359863,0.15648841314742123,0.0783200290957818,0.29155454108609585,0.09969398369034035,0.0,0.13377817892030358,0.1,0.0027146339416503906,0.05239272117614746,0.049643517,1.6850392,0.08342006567111238,0.0,0.003128645210426018,0.0,200,0.013729333877563477,0.48965252291691225,0.49146606089786027,9800,0.24447125840882963,0.0
49,1.1654446125030518,0.14175618936207865,0.10213245191999974,0.31740570466780726,0.07126230743204635,0.0,0.13689571657498728,0.1,0.002816438674926758,0.056883811950683594,0.04949176,1.8413202,0.089253678040209,0.0,0.0028319327607123366,0.0,200,0.013800859451293945,0.5868260730347687,0.5086632156369141,10000,0.19355957159626178,0.0
50,1.1894099712371826,0.14330319942735137,0.11060473048674083,0.32107584764262254,0.01690905936755118,0.0,0.11739576933444516,0.1,0.002786874771118164,0.05297398567199707,0.048866548,3.3746274,0.09465863017892324,0.0,0.002725637260436335,0.0,200,0.013922452926635742,0.5608881089301923,0.48146990119504246,10200,0.29701503688175673,0.0
51,1.2364563941955566,0.1281946308001174,0.05698535645485086,0.20636367579093462,0.04533004191534926,0.0,0.13126534212076568,0.1,0.002668142318725586,0.05346322059631348,0.050426383,1.0955193,0.09801223024104266,0.0,0.002562216043364778,0.0,200,0.014085769653320312,0.3054233143414334,0.3422052246172261,10400,0.27373356189885584,0.0
52,1.1960370540618896,0.1158352432200064,0.06876900783058164,0.1792505214361861,0.013857377486239612,0.0,0.12566597330411125,0.1,0.0027222633361816406,0.05652570724487305,0.05018951,1.0784692,0.09979453153893905,0.0,0.0023158192665206578,0.0,200,0.013981103897094727,0.4636025936908521,0.4167008085035542,10600,0.3950722015262867,0.0
53,1.2313683032989502,0.1275784754524633,0.07267495375216143,0.2222910061171228,0.018152487885599956,0.0,0.13689067677963068,0.1,0.002719402313232422,0.05213308334350586,0.050878752,1.0654595,0.10257292593029149,0.0,0.002534220856039607,0.0,200,0.013825416564941406,0.33513990697955964,0.31308284690951366,10800,0.3478201791619984,0.0
54,1.2545294761657715,0.2506396008440673,0.12863904432499257,0.4475777466715298,0.1172692787476857,0.0,0.1289480241706081,0.1,0.002665281295776367,0.05210590362548828,0.049702283,1.5141914,0.11737959342166908,0.0,0.005002088637344839,0.0,200,0.013681650161743164,0.4687826382625136,0.41547900892118544,11000,0.3116023393871064,0.0
55,1.265242576599121,0.05952739861417536,0.016255705778154633,0.07645650072101197,0.036239327655264233,0.0,0.1349985502947438,0.1,0.0026597976684570312,0.05190157890319824,0.04981082,1.4292045,0.1115943739409197,0.0,0.0011753546146886225,0.0,200,0.01342463493347168,1.959289370349331,2.0343366478798712,11200,0.25216655821181144,0.0
56,1.2503015995025635,0.12551335544983455,0.08324363070580189,0.2109482656770939,0.023232441494715653,0.0,0.13016184565298783,0.1,0.0026307106018066406,0.054648637771606445,0.05032486,1.0732518,0.1129862720918112,0.0,0.002464750255985284,0.0,200,0.013034343719482422,0.36677764860892303,0.3394048606149778,11400,0.24700071219696387,0.0
57,1.233837604522705,0.2881294566235119,0.4686627854838408,1.0997511819807921,0.004513772910356854,0.0,0.14035244731908733,0.1,0.00266265869140625,0.05153918266296387,0.04995346,2.1817522,0.13050059054498125,0.0,0.005761170152223563,0.0,200,0.012965679168701172,0.8158889609015749,0.7965729472309261,11600,0.3640902133132344,0.0
58,1.3013176918029785,0.1276992360859971,0.0962958719244474,0.2922364921420649,0.05225855993678149,0.0,0.12415127199662235,0.1,0.002593517303466797,0.05191373825073242,0.049965415,2.093998,0.13022045509908284,0.0,0.0025515344650484354,0.0,200,0.013077974319458008,0.4334987021160546,0.47974997084445853,11800,0.32909552513953194,0.0
59,1.3277392387390137,0.1014778048996794,0.07062739590929937,0.21913939578982783,0.04099309015753917,0.0,0.1339778913105831,0.1,0.002598285675048828,0.052310943603515625,0.04874626,4.66245,0.1273461900791425,0.0,0.0020252300031111453,0.0,200,0.013217687606811523,0.6763238662300856,0.585737341089536,12000,0.363900533782436,0.0
60,1.2034056186676025,0.06341144236341183,0.04776459059004314,0.12744200676332568,0.01170873290758216,0.0,0.12689597470972963,0.1,0.0028274059295654297,0.05278301239013672,0.04944486,0.99667,0.12095271530756943,0.0,0.0012653928476117798,0.0,200,0.016559123992919922,1.9533775924020338,1.1655754185981149,12200,0.5650332197392477,0.0
61,1.2221078872680664,0.10466623080935014,0.053317395720844075,0.17284763194067443,0.04361618384167821,0.0,0.13335448026314348,0.1,0.0027391910552978516,0.05316567420959473,0.049787678,1.3954458,0.1193240668577475,0.0,0.0020908947682625255,0.0,200,0.013664960861206055,0.33710875609665514,0.34598306771056525,12400,0.6339385228013963,0.0
62,1.2537639141082764,0.20961612673301255,0.07583240780917512,0.28446975254579265,0.10613175859769376,0.0,0.12915060549102644,0.1,0.002789020538330078,0.05277538299560547,0.049867343,1.0948777,0.128353272845274,0.0,0.0041370662910330935,0.0,200,0.013606786727905273,0.4854289989675327,0.37944889965179773,12600,0.739339703526575,0.0
63,1.2279777526855469,0.1572762533525668,0.11555445259746412,0.34235057488874265,0.027045993862605276,0.0,0.12320598136620002,0.1,0.0028162002563476562,0.054467201232910156,0.050688334,2.4686642,0.1312455708960033,0.0,0.0031443994055297573,0.0,200,0.013999223709106445,0.44800996216344063,0.412667509810281,12800,1.11426622670678,0.0
64,1.2454822063446045,0.3644084664848854,0.2670199288324535,0.8222709056710035,0.16017399010504568,0.0,0.1391753332739831,0.1,0.002741098403930664,0.05435514450073242,0.050164636,2.181556,0.1545618604548915,0.0,0.0071690371977967,0.0,200,0.014101266860961914,0.6424922201627152,0.5584568784381312,13000,0.9272550640364243,0.0
65,1.2211635112762451,0.1858067827401063,0.13581788636020242,0.3255322021751602,0.04630035277908528,0.0,0.1307178827396842,0.1,0.002782583236694336,0.054054975509643555,0.049852394,1.3264565,0.157686352683413,0.0,0.003708041279810322,0.0,200,0.013674020767211914,0.4500091705980457,0.5135128802415615,13200,0.9767019144506882,0.0
66,1.2476320266723633,0.3594693472047607,0.27194444070287505,0.6450400190374476,0.06414956891442188,0.0,0.12516566084997663,0.1,0.0028009414672851562,0.05407857894897461,0.049930964,1.5551182,0.17786465213554778,0.0,0.007184389199954362,0.0,200,0.020780563354492188,0.5400628114811241,0.5030628662983537,13400,0.8360954841943299,0.0
67,1.2303919792175293,0.10368130034812792,0.07160983762137638,0.18909927337798954,0.03134366594096247,0.0,0.1390938941057453,0.1,0.0027892589569091797,0.0533292293548584,0.05008244,1.0716501,0.1704463169568058,0.0,0.0020459300903560166,0.0,200,0.013753890991210938,2.055632994651656,1.7080880485924204,13600,0.7248194927537351,0.0
68,1.2557077407836914,0.3464153980905115,0.30402344946047943,0.8490810343462123,0.10474149093571511,0.0,0.13399551463165058,0.1,0.002662181854248047,0.05235767364501953,0.05027892,1.5036055,0.18804322507017637,0.0,0.006917572924685537,0.0,200,0.014811515808105469,0.5545737581943657,0.5530492867081775,13800,0.7823816105871817,0.0
69,1.2596840858459473,0.18799122430116155,0.14322377718620347,0.3985991676660491,0.009668558341098787,0.0,0.13483169651460114,0.1,0.002785921096801758,0.05328631401062012,0.05015594,1.0690277,0.1880380249932749,0.0,0.0037154339307442705,0.0,200,0.015287399291992188,0.4613296054770548,0.4436606798811182,14000,0.6101411613415245,0.0
70,1.234849214553833,0.07310064570333759,0.06163988455213319,0.17591457413629571,0.023582366598977243,0.0,0.13180948328620054,0.1,0.002727031707763672,0.05445575714111328,0.050009828,1.0863445,0.17654428706428119,0.0,0.0014264458907186708,0.0,200,0.013300657272338867,3.0840443135335236,1.9011236633204718,14200,0.7850626645490294,0.0
71,1.27766752243042,0.5531122651216359,0.4716796488058089,1.0362906256837658,0.03454990649168358,0.0,0.12669971518107595,0.1,0.002783536911010742,0.05189847946166992,0.0492277,1.9915776,0.21420108487001666,0.0,0.010959574731402546,0.0,200,0.013187408447265625,0.7139240905380773,0.6711720360320207,14400,0.8583948590069497,0.0
72,1.251077651977539,0.6917742813107542,0.46354175477663273,1.2775503481761874,0.13981139833594122,0.0,0.12919296793969468,0.1,0.0025742053985595703,0.05634331703186035,0.049791966,1.1529828,0.2619584045140904,0.0,0.013609445516083615,0.0,200,0.01269221305847168,0.6699096092341201,0.5448505830860654,14600,0.6001615699301465,0.0
73,1.292386531829834,0.2824611784774919,0.13189170732486954,0.5075416758933574,0.18698455383588844,0.0,0.13351140345501042,0.1,0.0026350021362304688,0.051604509353637695,0.05031661,1.4973152,0.2640086819104306,0.0,0.0055727216280060405,0.0,200,0.013171911239624023,0.2940054557937148,0.503274069669647,14800,0.8107405728295198,0.0
74,1.2392196655273438,0.19236208145948133,0.19781279990733397,0.5300326503331009,0.047242575897766016,0.0,0.12176337775647587,0.1,0.0028853416442871094,0.05323314666748047,0.049675226,2.2212362,0.25684402186533567,0.0,0.0038454063490002462,0.0,200,0.013974905014038086,1.1763269980391524,1.0950675305241684,15000,0.7092894789380203,0.0
75,1.2745070457458496,0.24862733130140974,0.09631349907361617,0.3715410718356786,0.10294164020435945,0.0,0.13682030016830013,0.1,0.002766132354736328,0.05271649360656738,0.0502556,1.2137351,0.2560223528089431,0.0,0.004966808936382117,0.0,200,0.013743400573730469,0.6619776056475205,0.40552982508546953,15200,0.5755304798438586,0.0
76,1.2272188663482666,0.3521912216077862,0.3775461278508552,1.0038108674775768,0.10570532797838786,0.0,0.13765653097974198,0.1,0.0027697086334228516,0.05602860450744629,0.049949102,1.5908982,0.2656392396888274,0.0,0.007004852210634571,0.0,200,0.013684988021850586,0.5829144866085753,0.5841275379942863,15400,0.5587661718034181,0.0
77,1.228539228439331,0.36909763688760805,0.37785678809259565,0.934765963819901,0.015052925452956603,0.0,0.13012079762004836,0.1,0.007354021072387695,0.053194284439086914,0.050095845,2.3308697,0.2759850794087055,0.0,0.00731181540334851,0.0,200,0.013946533203125,0.565542050316148,0.5650525639919802,15600,0.49971516140473676,0.0
78,1.249598741531372,0.1679534448398734,0.069905615563984,0.2877875793831686,0.1167036881877227,0.0,0.12879379858620332,0.1,0.002748250961303711,0.05309605598449707,0.04976063,1.4326944,0.2651819159518223,0.0,0.0033250742565257363,0.0,200,0.01325678825378418,0.7848732557091105,0.6503962536609073,15800,0.6016917052978987,0.0
79,1.2512743473052979,0.2675647613374578,0.08795523968438076,0.3885077363039353,0.14534123779680422,0.0,0.12940913763345518,0.1,0.002765178680419922,0.05272269248962402,0.05076259,0.96855986,0.26542020049038584,0.0,0.005309630435731377,0.0,200,0.01343393325805664,0.17863364394914316,0.16119267014305363,16000,0.7503968793132615,0.0
80,1.2791435718536377,0.42413669921745406,0.3671273619999005,1.040014698266014,0.09846562310458483,0.0,0.1341058282363663,0.1,0.0026934146881103516,0.052617549896240234,0.048478156,1.7026966,0.2812918503630927,0.0,0.008429828720391755,0.0,200,0.013826131820678711,0.5483313675567325,0.540310562801541,16200,0.6901427720398196,0.0
81,1.2721898555755615,0.3457327179289619,0.19151576104226808,0.6190472536159598,0.11622486140503668,0.0,0.11656321325069602,0.1,0.0027103424072265625,0.05212569236755371,0.04908817,2.3976412,0.28773593711967965,0.0,0.006879072618425226,0.0,200,0.013336658477783203,0.3343760793068238,0.31474273356167654,16400,0.8423515353973473,0.0
82,1.2954671382904053,0.21523157168794482,0.2066862541286209,0.5672684062465962,0.047886812059067085,0.0,0.12405166244302179,0.1,0.0027086734771728516,0.05202078819274902,0.050092496,2.3270557,0.2804855005765062,0.0,0.004284175464537562,0.0,200,0.013101339340209961,0.5429187436443623,0.5509584391621363,16600,1.246814505204807,0.0
83,1.2812764644622803,0.25799738094778857,0.17623756705007892,0.5395056054741013,0.10301451130359145,0.0,0.1286815704136284,0.1,0.002648591995239258,0.05785655975341797,0.04990465,1.9272819,0.27823668861363443,0.0,0.005155375965286115,0.0,200,0.013948202133178711,0.3962566200121941,0.3886159966106501,16800,1.1794996277948848,0.0
84,1.2989466190338135,0.20984429825809361,0.10034787026745062,0.3754827824461125,0.12571505030580332,0.0,0.12474012523785205,0.1,0.0032973289489746094,0.05215811729431152,0.049509935,2.9694602,0.2713974495780803,0.0,0.004055349881282909,0.0,200,0.014215707778930664,0.34747629098576666,0.30928274683875545,17000,1.0321392282993036,0.0
85,1.3117356300354004,0.3389082251647772,0.1879753856964531,0.5646941865464112,0.06620123161798121,0.0,0.1291675218341737,0.1,0.0026998519897460938,0.05179953575134277,0.050019115,1.2504333,0.27814852713675003,0.0,0.006736027449437876,0.0,200,0.014735221862792969,0.3394874944774627,0.3358272962124393,17200,1.4906293955896073,0.0
86,1.3507862091064453,0.3727434143126076,0.1302332729657928,0.5460477670208431,0.20832269503115114,0.0,0.13210066321590327,0.1,0.0026557445526123047,0.051962852478027344,0.04969519,1.0403825,0.28760801585433576,0.0,0.00743409289155415,0.0,200,0.01300668716430664,0.22176343693702064,0.2074408148503482,17400,1.1789862831288593,0.0
87,1.3142595291137695,0.37538526840828923,0.23966422964606435,0.6965290050589272,0.13187939965626613,0.0,0.13410609274641172,0.1,0.0026001930236816406,0.05160212516784668,0.050274897,1.2156707,0.2963857411097311,0.0,0.007274562170776449,0.0,200,0.013895750045776367,0.3826113535738739,0.3594803468219386,17600,1.8168386445682472,0.0
88,1.3355512619018555,0.21175904235379567,0.08288578546549376,0.297753553218802,0.07471304466907765,0.0,0.12065147979548378,0.1,0.002619504928588867,0.051957130432128906,0.049609445,3.8506362,0.2879230712341376,0.0,0.00421574477690818,0.0,200,0.013480424880981445,0.4575608288382186,0.5025997592150371,17800,2.3376995476115225,0.0
89,1.2238426208496094,0.485960251463337,0.4120968216446231,1.1770701816105644,0.12220417982477752,0.0,0.1217733646764435,0.1,0.0028917789459228516,0.0535273551940918,0.04951533,5.110585,0.30772678925705754,0.0,0.009611967043273535,0.0,200,0.01361703872680664,0.516164172697775,0.5023047295456039,18000,2.2409778795351767,0.0
90,1.259798288345337,0.4526971899057105,0.5012951084729601,1.2628313509816433,0.034612960883003994,0.0,0.1305448507084986,0.1,0.002813577651977539,0.05281996726989746,0.049982294,1.8243257,0.32222382932192284,0.0,0.009047329915037748,0.0,200,0.014174222946166992,0.6064667135807428,0.5913582867787178,18200,2.5053388963608936,0.0
91,1.3061573505401611,0.07508274729815446,0.03783816572823672,0.10714698098484417,0.0124349049699153,0.0,0.13257839715951883,0.1,0.0027823448181152344,0.053568124771118164,0.05000274,0.8311441,0.29750972111954604,0.0,0.001495997246573687,0.0,200,0.014186382293701172,15.152480402093138,12.67952084652715,18400,2.0825969831002284,0.0
92,1.246227502822876,0.2780848534708882,0.27007889307925237,0.7446843403644134,0.09164545302653061,0.0,0.13186696932799932,0.1,0.002807140350341797,0.05431866645812988,0.04993367,1.3940712,0.29556723435468024,0.0,0.005455731699814958,0.0,200,0.01407313346862793,0.5396486041718103,0.48707799349736935,18600,2.1739722444901664,0.0
93,1.26283860206604,0.2749555136970667,0.1701217230731646,0.4446886819991763,0.007053451235666538,0.0,0.1285248556451018,0.1,0.002836942672729492,0.0538029670715332,0.049883965,1.2870946,0.2935060622889189,0.0,0.005495155399253019,0.0,200,0.013577938079833984,0.31858009025632716,0.3143656189560926,18800,3.041470333729182,0.0
94,1.2833712100982666,0.47907361481976246,0.21406061673709478,0.7403799885420176,0.26508194706659954,0.0,0.1317995802491291,0.1,0.0027666091918945312,0.05333065986633301,0.049767647,1.3539691,0.31206281754200327,0.0,0.009561656916633781,0.0,200,0.013981342315673828,0.38940070996313,0.3661834658923477,19000,2.9600109392865988,0.0
95,1.2793521881103516,0.24416412671402626,0.1878945172830021,0.48496349110334447,0.03717059168639576,0.0,0.12227925670902084,0.1,0.0027768611907958984,0.053342342376708984,0.04952284,1.2669439,0.3052729484592056,0.0,0.004877657019364442,0.0,200,0.013449430465698242,0.41661529414872134,0.4173773649294347,19200,2.783874870973088,0.0
96,1.324871301651001,0.5531510785369582,0.3469757034636686,0.9204438490985829,0.16856734922392883,0.0,0.12563534843884605,0.1,0.002758026123046875,0.05245661735534668,0.050382055,1.4672586,0.3300607614669809,0.0,0.011045055807569502,0.0,200,0.013936996459960938,0.4477664281200174,0.40717392413658027,19400,2.2882879225445265,0.0
97,1.3079049587249756,0.4489550208047067,0.22488535239492397,0.8245281355644029,0.26794846692396945,0.0,0.12992724392936858,0.1,0.00327301025390625,0.0529170036315918,0.04979089,1.8533531,0.34195018740075345,0.0,0.008968230839783348,0.0,200,0.013908147811889648,0.3131775146388097,0.28500984089218084,19600,1.9503086781588754,0.0
98,1.2959725856781006,0.8850399868884139,0.7405522974377189,2.1649661110716587,0.4100852951510222,0.0,0.12289316649602737,0.1,0.0030515193939208984,0.0533599853515625,0.049782157,2.582717,0.3962591673495195,0.0,0.0176847751442666,0.0,200,0.013794898986816406,0.6115584287725727,0.538970765458286,19800,2.5052875960386314,0.0
99,1.317631483078003,0.4043963272501042,0.17907341670522695,0.6722359706316282,0.16920328721189215,0.0,0.13058900398617873,0.1,0.002950429916381836,0.054114341735839844,0.050355054,1.0120733,0.397072883339578,0.0,0.008045776228169581,0.0,200,0.015834331512451172,0.3096741599187923,0.4454611991985421,20000,2.6245655059820754,0.0
100,1.3436219692230225,0.4183598330340379,0.30642209412932964,0.799384203287011,0.1120023644802285,0.0,0.1349102920752871,0.1,0.0027103424072265625,0.05275750160217285,0.0496331,0.9891658,0.39920157830902403,0.0,0.008265976548707407,0.0,200,0.013520479202270508,0.4472761192142075,0.43802669386451076,20200,2.031644156618022,0.0
101,1.3032691478729248,0.21527300489306406,0.11343398561511674,0.3950314312122084,0.08389883493935783,0.0,0.1340411737570504,0.1,0.00266265869140625,0.05227398872375488,0.049912855,1.136704,0.380808720967428,0.0,0.004199534348557836,0.0,200,0.013335704803466797,2.021639923774113,1.1239827486632212,20400,2.7026129849203744,0.0
102,1.3228230476379395,0.25780376856768394,0.19567404021977822,0.5717835449299259,0.05620698614049369,0.0,0.12576832567308932,0.1,0.0026900768280029297,0.05305027961730957,0.0502774,1.6751579,0.3685082257274536,0.0,0.005058129819559604,0.0,200,0.014270782470703125,0.8178970625277143,0.44828611896835147,20600,1.7744991660492737,0.0
103,1.3073160648345947,0.5459161429687734,0.3239169217779183,1.039268547567943,0.21431297411370046,0.0,0.12898701513754962,0.1,0.00275421142578125,0.059967041015625,0.0501194,1.5449992,0.38624901745158563,0.0,0.010740929271315319,0.0,200,0.01372218132019043,0.43854232400078424,0.4574398972478504,20800,2.280420573771011,0.0
104,1.3740429878234863,0.3225849614750267,0.18687157663952028,0.6421987998703927,0.19114663840415796,0.0,0.12808309584704536,0.1,0.002949953079223633,0.052014827728271484,0.049661126,2.4186087,0.37988261185392974,0.0,0.006425972112407244,0.0,200,0.013767242431640625,0.3062652831084219,0.29453654208280644,21000,2.8080112235243777,0.0
105,1.325361728668213,0.2931145029184815,0.07870456821384318,0.4112100265889939,0.19295166394107807,0.0,0.1343138128489895,0.1,0.0026216506958007812,0.05175161361694336,0.050000384,1.2116158,0.37120580096038497,0.0,0.0057727636971549,0.0,200,0.013084173202514648,0.13912726381120644,0.1294092195262074,21200,1.104059780329017,0.0
106,1.3055012226104736,0.3060891957870551,0.13396963610212556,0.46558020701454544,0.11640259528743847,0.0,0.13385988035463542,0.1,0.002619028091430664,0.05227947235107422,0.05058694,1.1388911,0.36469414044305204,0.0,0.0061021590522925976,0.0,200,0.013206720352172852,0.19395466116947824,0.1948629792336315,21400,1.0182179533098341,0.0
107,1.2991523742675781,0.40090472390826815,0.13457360164592702,0.6128920087277469,0.23900526551568224,0.0,0.12411994015478918,0.1,0.002864837646484375,0.05373668670654297,0.049990103,1.6417722,0.36831519878957364,0.0,0.007909909024965881,0.0,200,0.014035701751708984,0.19013915799418382,0.1859949956618756,21600,1.916638425920311,0.0
108,1.2799577713012695,0.3328330178301277,0.10061108050216147,0.46449598317646656,0.18193517040835566,0.0,0.12886216836986936,0.1,0.0028951168060302734,0.05442237854003906,0.04923119,0.89454913,0.36476698069362906,0.0,0.0066548562794524965,0.0,200,0.013673067092895508,0.18773762376765923,0.1818917313820215,21800,1.9656493327434827,0.0
109,1.30377197265625,0.3307585789546561,0.1515569845711843,0.5252371085802958,0.10592848843654337,0.0,0.12615781155717004,0.1,0.002836942672729492,0.05423426628112793,0.04928367,1.3313788,0.3613661405197318,0.0,0.006582598521293243,0.0,200,0.013931035995483398,0.2137750027843028,0.21069330893723026,22000,3.202624689605681,0.0
110,1.3190619945526123,0.9440626088704984,0.41954361431990334,1.470941782607724,0.5009568067229568,0.0,0.12228226025087956,0.1,0.002913951873779297,0.0543062686920166,0.050220694,1.3653226,0.4196357873548085,0.0,0.018843577298167005,0.0,200,0.013457775115966797,0.5330305897725192,0.4816074571893483,22200,2.9157981160956967,0.0
111,1.2939069271087646,0.8120766013845555,0.5570885304142036,1.6964650193711763,0.15573809797894642,0.0,0.1234213068228484,0.1,0.0029363632202148438,0.05399727821350098,0.04888402,1.5987397,0.4588798687577832,0.0,0.01623800406658664,0.0,200,0.013625621795654297,0.5470229944547288,0.46542148800682764,22400,2.9125366538153377,0.0
112,1.329047441482544,0.49013785903827733,0.3529733056768319,0.9888598207414049,0.13849514807190652,0.0,0.1252535573698634,0.1,0.002724885940551758,0.0524442195892334,0.04913539,1.1714714,0.46200566778583263,0.0,0.009775811758371026,0.0,200,0.01369476318359375,0.38724673252150504,0.4198127140225901,22600,2.3705153569797366,0.0
113,1.304870367050171,0.5816689425296012,0.5440769874905815,1.3225982521825381,0.05231653411638558,0.0,0.1343117505086231,0.1,0.002727985382080078,0.05324530601501465,0.049614083,1.1284467,0.4739719952602095,0.0,0.011605838550216525,0.0,200,0.013684511184692383,0.48624906198584555,0.48343683338674437,22800,1.928363506366303,0.0
114,1.306380271911621,0.29848605185599686,0.16296916626628916,0.575206654732719,0.16029728018914663,0.0,0.13424998212588687,0.1,0.002719879150390625,0.05294537544250488,0.049877718,0.9231421,0.4564234009197882,0.0,0.005966025586497818,0.0,200,0.013499021530151367,1.4984618242020735,0.8923467140852331,23000,1.8791614573412254,0.0
115,1.318615198135376,0.6289051884335646,0.33219484068095667,1.1292570585567727,0.26387966420174636,0.0,0.12420274964858212,0.1,0.0027093887329101562,0.05232644081115723,0.049997784,2.791683,0.47367157967116585,0.0,0.012412457032851357,0.0,200,0.018021106719970703,0.28082826117051923,0.3038757415970992,23200,1.8637290914345856,0.0
116,1.3146510124206543,0.2345539697641134,0.09581537856882476,0.3490388342001921,0.10352449245974726,0.0,0.11889054193878852,0.1,0.0027501583099365234,0.05373668670654297,0.049761992,0.71135795,0.4497598186804606,0.0,0.004681665763793285,0.0,200,0.013789653778076172,1.133479094433695,0.7057093041645477,23400,1.8595355910900793,0.0
117,1.37153959274292,0.24779876082747193,0.0782926994982509,0.337642336395178,0.12223668122013968,0.0,0.12552628845389316,0.1,0.0027489662170410156,0.05601048469543457,0.050325252,0.7525319,0.4295637128951617,0.0,0.004930143519643694,0.0,200,0.013517379760742188,0.7021976926205538,0.4056522308542506,23600,2.108408566597923,0.0
118,1.345146894454956,0.7284463893132437,0.7495457145581748,2.0101517355242935,0.10656834140692312,0.0,0.11897545773310524,0.1,0.002778291702270508,0.05275321006774902,0.049777895,2.6806219,0.4594519805369699,0.0,0.014532392012224785,0.0,200,0.01300954818725586,0.6622403742484392,0.6485184904252179,23800,2.908023362830288,0.0
119,1.3507030010223389,0.9372279595880167,1.0117416039183862,2.665809005950524,0.09155422514236079,0.0,0.118197314827517,0.1,0.0027289390563964844,0.052695274353027344,0.049667906,2.928032,0.5072295784420746,0.0,0.01873627214139921,0.0,200,0.013938426971435547,0.7430985530919204,0.695680783910709,24000,3.1642470870859682,0.0
120,1.3159894943237305,0.5377677027289044,0.5129645446160546,1.4088477109049455,0.08466868199716994,0.0,0.1224511540943189,0.1,0.0030133724212646484,0.052098751068115234,0.049918205,1.9225994,0.5102833908707576,0.0,0.010738781770778747,0.0,200,0.013950347900390625,0.4888319762238714,0.47788796656259697,24200,1.5544846884352206,0.0
